,ocean
0,pacific
1,false
2,pacific
3,pacific
4,pacific
5,pacific
6,pacific
7,pacific
8,pacific
9,false
10,false
11,pacific
12,pacific
13,false
14,false
15,false
16,indian
17,indian
18,indian
19,pacific
20,pacific
21,pacific
22,false
23,pacific
24,false
25,pacific
26,false
27,pacific
28,indian
29,indian
30,indian
31,indian
32,pacific
33,pacific
34,pacific
35,pacific
36,pacific
37,pacific
38,pacific
39,pacific
40,pacific
41,pacific
42,pacific
43,pacific
44,pacific
45,pacific
46,indian
47,pacific
48,indian
49,pacific
50,pacific
51,indian
52,indian
53,indian
54,pacific
55,pacific
56,indian
57,pacific
58,pacific
59,false
60,pacific
61,indian
62,indian
63,false
64,pacific
65,pacific
66,indian
67,indian
68,false
69,pacific
70,indian
71,indian
72,false
73,pacific
74,pacific
75,pacific
76,pacific
77,indian
78,indian
79,pacific
80,pacific
81,false
82,pacific
83,pacific
84,indian
85,indian
86,pacific
87,pacific
88,pacific
89,indian
90,indian
91,pacific
92,false
93,false
94,false
95,false
96,pacific
97,indian
98,indian
99,indian
100,indian
101,indian
102,indian
103,indian
104,indian
105,indian
106,pacific
107,indian
108,indian
109,indian
110,pacific
111,pacific
112,pacific
113,false
114,indian
115,indian
116,indian
117,indian
118,false
119,indian
120,pacific
121,indian
122,false
123,indian
124,indian
125,indian
126,atlantic
127,indian
128,indian
129,indian
130,indian
131,indian
132,false
133,false
134,indian
135,indian
136,indian
137,indian
138,indian
139,indian
140,indian
141,indian
142,indian
143,indian
144,false
145,false
146,indian
147,indian
148,false
149,false
150,atlantic
151,atlantic
152,atlantic
153,pacific
154,false
155,pacific
156,pacific
157,atlantic
158,indian
159,indian
160,indian
161,atlantic
162,atlantic
163,atlantic
164,atlantic
165,atlantic
166,false
167,indian
168,indian
169,indian
170,indian
171,false
172,indian
173,pacific
174,atlantic
175,indian
176,indian
177,indian
178,indian
179,indian
180,indian
181,false
182,false
183,atlantic
184,atlantic
185,false
186,pacific
187,indian
188,pacific
189,pacific
190,false
191,false
192,pacific
193,pacific
194,pacific
195,false
196,false
197,false
198,indian
199,indian
200,pacific
201,indian
202,pacific
203,false
204,false
205,false
206,false
207,pacific
208,pacific
209,pacific
210,pacific
211,indian
212,pacific
213,false
214,false
215,indian
216,false
217,pacific
218,pacific
219,pacific
220,false
221,pacific
222,indian
223,indian
224,atlantic
225,indian
226,indian
227,pacific
228,false
229,indian
230,indian
231,indian
232,indian
233,atlantic
234,false
235,atlantic
236,indian
237,indian
238,indian
239,indian
240,indian
241,indian
242,indian
243,indian
244,indian
245,atlantic
246,indian
247,pacific
248,indian
249,indian
250,indian
251,indian
252,indian
253,indian
254,pacific
255,indian
256,indian
257,indian
258,indian
259,indian
260,atlantic
261,atlantic
262,atlantic
263,indian
264,indian
265,indian
266,indian
267,indian
268,indian
269,indian
270,indian
271,indian
272,indian
273,indian
274,indian
275,indian
276,indian
277,indian
278,indian
279,indian
280,indian
281,indian
282,indian
283,indian
284,indian
285,indian
286,indian
287,indian
288,pacific
289,pacific
290,false
291,pacific
292,atlantic
293,atlantic
294,pacific
295,pacific
296,pacific
297,pacific
298,pacific
299,pacific
300,atlantic
301,atlantic
302,atlantic
303,pacific
304,false
305,pacific
306,pacific
307,pacific
308,pacific
309,pacific
310,pacific
311,pacific
312,pacific
313,atlantic
314,indian
315,pacific
316,pacific
317,pacific
318,atlantic
319,atlantic
320,indian
321,false
322,false
323,false
324,false
325,false
326,false
327,false
328,false
329,false
330,false
331,false
332,false
333,false
334,false
335,pacific
336,pacific
337,false
338,false
339,pacific
340,pacific
341,atlantic
342,atlantic
343,atlantic
344,atlantic
345,atlantic
346,atlantic
347,pacific
348,pacific
349,false
350,false
351,false
352,false
353,pacific
354,false
355,pacific
356,pacific
357,false
358,false
359,false
360,pacific
361,pacific
362,pacific
363,atlantic
364,indian
365,false
366,pacific
367,pacific
368,pacific
369,pacific
370,pacific
371,pacific
372,pacific
373,pacific
374,pacific
375,pacific
376,pacific
377,pacific
378,pacific
379,pacific
380,pacific
381,pacific
382,false
383,false
384,false
385,false
386,false
387,pacific
388,pacific
389,pacific
390,pacific
391,false
392,false
393,false
394,indian
395,indian
396,indian
397,indian
398,pacific
399,false
400,pacific
401,false
402,pacific
403,false
404,false
405,false
406,false
407,false
408,pacific
409,false
410,pacific
411,false
412,false
413,false
414,false
415,false
416,false
417,false
418,false
419,false
420,false
421,false
422,false
423,false
424,false
425,false
426,false
427,false
428,false
429,pacific
430,atlantic
431,atlantic
432,atlantic
433,atlantic
434,atlantic
435,atlantic
436,indian
437,indian
438,indian
439,atlantic
440,indian
441,indian
442,indian
443,indian
444,indian
445,indian
446,indian
447,indian
448,indian
449,indian
450,indian
451,indian
452,indian
453,indian
454,indian
455,indian
456,indian
457,atlantic
458,atlantic
459,atlantic
460,false
461,false
462,false
463,false
464,false
465,false
466,false
467,atlantic
468,indian
469,false
470,false
471,false
472,false
473,indian
474,indian
475,indian
476,indian
477,indian
478,indian
479,indian
480,indian
481,indian
482,indian
483,indian
484,indian
485,indian
486,false
487,false
488,false
489,false
490,false
491,false
492,false
493,indian
494,indian
495,indian
496,atlantic
497,atlantic
498,pacific
499,pacific
500,pacific
501,false
502,pacific
503,pacific
504,pacific
505,pacific
506,atlantic
507,atlantic
508,atlantic
509,pacific
510,false
511,false
512,false
513,atlantic
514,false
515,false
516,atlantic
517,atlantic
518,atlantic
519,atlantic
520,false
521,atlantic
522,atlantic
523,atlantic
524,atlantic
525,atlantic
526,false
527,false
528,false
529,false
530,false
531,false
532,false
533,false
534,false
535,false
536,false
537,false
538,false
539,false
540,atlantic
541,atlantic
542,atlantic
543,atlantic
544,false
545,atlantic
546,atlantic
547,false
548,false
549,atlantic
550,false
551,atlantic
552,false
553,false
554,atlantic
555,atlantic
556,false
557,false
558,false
559,atlantic
560,false
561,false
562,false
563,false
564,false
565,false
566,false
567,atlantic
568,false
569,false
570,false
571,false
572,atlantic
573,false
574,false
575,false
576,false
577,atlantic
578,atlantic
579,false
580,indian
581,indian
582,atlantic
583,atlantic
584,atlantic
585,indian
586,indian
587,atlantic
588,false
589,false
590,false
591,false
592,false
593,false
594,false
595,false
596,false
597,false
598,false
599,false
600,false
601,false
602,false
603,false
604,false
605,false
606,false
607,false
608,false
609,false
610,false
611,false
612,false
613,false
614,false
615,false
616,false
617,false
618,false
619,false
620,false
621,false
622,false
623,false
624,false
625,false
626,false
627,false
628,false
629,false
630,false
631,false
632,false
633,false
634,false
635,false
636,false
637,false
638,false
639,false
640,false
641,false
642,false
643,false
644,false
645,false
646,false
647,false
648,false
649,false
650,false
651,false
652,false
653,false
654,false
655,false
656,false
657,false
658,false
659,false
660,false
661,false
662,false
663,false
664,false
665,false
666,false
667,false
668,false
669,atlantic
670,pacific
671,atlantic
672,atlantic
673,false
674,false
675,false
676,false
677,atlantic
678,false
679,false
680,false
681,false
682,pacific
683,indian
684,indian
685,pacific
686,pacific
687,pacific
688,pacific
689,pacific
690,pacific
691,pacific
692,pacific
693,pacific
694,pacific
695,pacific
696,pacific
697,false
698,pacific
699,pacific
700,pacific
701,pacific
702,false
703,indian
704,indian
705,indian
706,indian
707,indian
708,indian
709,pacific
710,false
711,pacific
712,pacific
713,pacific
714,pacific
715,false
716,pacific
717,indian
718,false
719,false
720,pacific
721,pacific
722,false
723,false
724,false
725,false
726,false
727,indian
728,false
729,false
730,atlantic
731,atlantic
732,atlantic
733,atlantic
734,pacific
735,pacific
736,pacific
737,pacific
738,false
739,indian
740,indian
741,indian
742,indian
743,indian
744,indian
745,atlantic
746,atlantic
747,atlantic
748,atlantic
749,false
750,false
751,false
752,pacific
753,pacific
754,pacific
755,false
756,false
757,false
758,false
759,false
760,false
761,false
762,false
763,false
764,false
765,false
766,false
767,false
768,false
769,false
770,false
771,false
772,false
773,false
774,false
775,false
776,false
777,false
778,pacific
779,false
780,pacific
781,false
782,pacific
783,pacific
784,false
785,false
786,false
787,false
788,false
789,false
790,false
791,pacific
792,pacific
793,indian
794,indian
795,indian
796,pacific
797,pacific
798,pacific
799,pacific
800,false
801,false
802,false
803,false
804,false
805,pacific
806,pacific
807,pacific
808,pacific
809,pacific
810,pacific
811,pacific
812,pacific
813,pacific
814,false
815,pacific
816,pacific
817,false
818,false
819,false
820,indian
821,indian
822,false
823,indian
824,pacific
825,pacific
826,pacific
827,pacific
828,pacific
829,pacific
830,pacific
831,pacific
832,pacific
833,pacific
834,pacific
835,false
836,pacific
837,false
838,pacific
839,false
840,pacific
841,indian
842,indian
843,false
844,pacific
845,pacific
846,pacific
847,false
848,false
849,pacific
850,false
851,pacific
852,false
853,pacific
854,pacific
855,pacific
856,indian
857,indian
858,indian
859,indian
860,false
861,pacific
862,pacific
863,pacific
864,indian
865,pacific
866,pacific
867,pacific
868,pacific
869,pacific
870,pacific
871,pacific
872,pacific
873,false
874,indian
875,pacific
876,false
877,pacific
878,pacific
879,false
880,indian
881,pacific
882,pacific
883,pacific
884,pacific
885,pacific
886,pacific
887,indian
888,pacific
889,pacific
890,pacific
891,false
892,pacific
893,indian
894,pacific
895,pacific
896,indian
897,indian
898,pacific
899,pacific
900,pacific
901,pacific
902,pacific
903,pacific
904,indian
905,indian
906,indian
907,pacific
908,indian
909,indian
910,pacific
911,pacific
912,pacific
913,pacific
914,pacific
915,pacific
916,pacific
917,false
918,pacific
919,pacific
920,false
921,indian
922,indian
923,pacific
924,pacific
925,pacific
926,pacific
927,false
928,false
929,false
930,false
931,pacific
932,pacific
933,pacific
934,false
935,pacific
936,indian
937,indian
938,indian
939,indian
940,indian
941,indian
942,pacific
943,indian
944,indian
945,indian
946,pacific
947,indian
948,pacific
949,false
950,pacific
951,pacific
952,false
953,false
954,indian
955,indian
956,indian
957,indian
958,false
959,indian
960,indian
961,false
962,pacific
963,indian
964,atlantic
965,indian
966,indian
967,atlantic
968,indian
969,indian
970,false
971,false
972,indian
973,indian
974,indian
975,indian
976,indian
977,indian
978,indian
979,pacific
980,atlantic
981,atlantic
982,atlantic
983,pacific
984,pacific
985,false
986,pacific
987,atlantic
988,indian
989,indian
990,indian
991,atlantic
992,atlantic
993,atlantic
994,atlantic
995,atlantic
996,atlantic
997,indian
998,false
999,false
1000,pacific
1001,false
1002,indian
1003,indian
1004,indian
1005,indian
1006,atlantic
1007,atlantic
1008,atlantic
1009,false
1010,atlantic
1011,pacific
1012,atlantic
1013,indian
1014,indian
1015,indian
1016,indian
1017,indian
1018,false
1019,indian
1020,atlantic
1021,false
1022,atlantic
1023,indian
1024,indian
1025,indian
1026,indian
1027,indian
1028,pacific
1029,pacific
1030,pacific
1031,pacific
1032,pacific
1033,pacific
1034,pacific
1035,pacific
1036,pacific
1037,false
1038,false
1039,pacific
1040,pacific
1041,pacific
1042,pacific
1043,pacific
1044,pacific
1045,false
1046,indian
1047,false
1048,false
1049,pacific
1050,pacific
1051,false
1052,false
1053,pacific
1054,pacific
1055,pacific
1056,pacific
1057,indian
1058,pacific
1059,indian
1060,indian
1061,indian
1062,indian
1063,pacific
1064,indian
1065,indian
1066,indian
1067,indian
1068,false
1069,pacific
1070,pacific
1071,pacific
1072,indian
1073,pacific
1074,pacific
1075,pacific
1076,pacific
1077,false
1078,atlantic
1079,atlantic
1080,atlantic
1081,atlantic
1082,atlantic
1083,false
1084,indian
1085,indian
1086,indian
1087,indian
1088,indian
1089,indian
1090,indian
1091,indian
1092,indian
1093,indian
1094,atlantic
1095,atlantic
1096,false
1097,indian
1098,indian
1099,indian
1100,indian
1101,pacific
1102,false
1103,indian
1104,indian
1105,indian
1106,indian
1107,atlantic
1108,atlantic
1109,pacific
1110,pacific
1111,pacific
1112,indian
1113,indian
1114,indian
1115,indian
1116,indian
1117,indian
1118,indian
1119,indian
1120,indian
1121,indian
1122,indian
1123,indian
1124,indian
1125,indian
1126,indian
1127,indian
1128,indian
1129,indian
1130,indian
1131,indian
1132,indian
1133,indian
1134,indian
1135,indian
1136,indian
1137,indian
1138,indian
1139,indian
1140,indian
1141,indian
1142,pacific
1143,pacific
1144,pacific
1145,pacific
1146,false
1147,false
1148,false
1149,atlantic
1150,atlantic
1151,false
1152,pacific
1153,atlantic
1154,false
1155,pacific
1156,pacific
1157,pacific
1158,pacific
1159,pacific
1160,pacific
1161,pacific
1162,pacific
1163,pacific
1164,pacific
1165,atlantic
1166,pacific
1167,atlantic
1168,atlantic
1169,atlantic
1170,pacific
1171,false
1172,false
1173,false
1174,false
1175,false
1176,false
1177,false
1178,false
1179,false
1180,false
1181,false
1182,false
1183,atlantic
1184,false
1185,false
1186,false
1187,false
1188,atlantic
1189,atlantic
1190,atlantic
1191,pacific
1192,pacific
1193,pacific
1194,pacific
1195,false
1196,false
1197,false
1198,pacific
1199,false
1200,false
1201,false
1202,false
1203,pacific
1204,false
1205,false
1206,false
1207,false
1208,false
1209,atlantic
1210,pacific
1211,false
1212,pacific
1213,atlantic
1214,pacific
1215,pacific
1216,pacific
1217,pacific
1218,pacific
1219,false
1220,false
1221,false
1222,pacific
1223,false
1224,pacific
1225,pacific
1226,pacific
1227,pacific
1228,false
1229,pacific
1230,pacific
1231,pacific
1232,pacific
1233,pacific
1234,pacific
1235,pacific
1236,false
1237,indian
1238,indian
1239,indian
1240,indian
1241,indian
1242,indian
1243,false
1244,pacific
1245,false
1246,false
1247,false
1248,false
1249,false
1250,false
1251,false
1252,false
1253,false
1254,false
1255,false
1256,false
1257,false
1258,false
1259,false
1260,false
1261,false
1262,false
1263,false
1264,false
1265,false
1266,pacific
1267,atlantic
1268,atlantic
1269,atlantic
1270,atlantic
1271,atlantic
1272,atlantic
1273,atlantic
1274,atlantic
1275,indian
1276,indian
1277,indian
1278,indian
1279,indian
1280,indian
1281,indian
1282,indian
1283,indian
1284,indian
1285,indian
1286,indian
1287,indian
1288,indian
1289,indian
1290,indian
1291,indian
1292,indian
1293,indian
1294,indian
1295,indian
1296,indian
1297,false
1298,false
1299,false
1300,false
1301,false
1302,false
1303,false
1304,false
1305,atlantic
1306,atlantic
1307,atlantic
1308,pacific
1309,false
1310,pacific
1311,indian
1312,indian
1313,indian
1314,indian
1315,indian
1316,indian
1317,indian
1318,indian
1319,indian
1320,pacific
1321,false
1322,indian
1323,false
1324,false
1325,false
1326,false
1327,indian
1328,indian
1329,indian
1330,indian
1331,indian
1332,false
1333,false
1334,pacific
1335,pacific
1336,pacific
1337,pacific
1338,false
1339,atlantic
1340,false
1341,pacific
1342,false
1343,indian
1344,atlantic
1345,indian
1346,atlantic
1347,false
1348,false
1349,atlantic
1350,atlantic
1351,atlantic
1352,atlantic
1353,atlantic
1354,atlantic
1355,atlantic
1356,atlantic
1357,atlantic
1358,false
1359,false
1360,false
1361,false
1362,false
1363,false
1364,false
1365,false
1366,false
1367,atlantic
1368,atlantic
1369,indian
1370,atlantic
1371,atlantic
1372,false
1373,indian
1374,atlantic
1375,atlantic
1376,atlantic
1377,false
1378,false
1379,false
1380,false
1381,false
1382,false
1383,false
1384,false
1385,false
1386,indian
1387,false
1388,false
1389,false
1390,false
1391,false
1392,atlantic
1393,false
1394,false
1395,false
1396,false
1397,atlantic
1398,false
1399,false
1400,false
1401,false
1402,false
1403,indian
1404,indian
1405,indian
1406,atlantic
1407,atlantic
1408,atlantic
1409,atlantic
1410,atlantic
1411,atlantic
1412,false
1413,false
1414,atlantic
1415,false
1416,false
1417,false
1418,false
1419,false
1420,false
1421,false
1422,false
1423,false
1424,false
1425,false
1426,false
1427,false
1428,false
1429,false
1430,false
1431,false
1432,false
1433,false
1434,false
1435,false
1436,false
1437,false
1438,false
1439,false
1440,false
1441,false
1442,false
1443,false
1444,false
1445,false
1446,false
1447,false
1448,false
1449,false
1450,false
1451,false
1452,false
1453,false
1454,false
1455,false
1456,false
1457,false
1458,false
1459,false
1460,false
1461,false
1462,false
1463,false
1464,false
1465,false
1466,false
1467,false
1468,false
1469,false
1470,false
1471,false
1472,false
1473,false
1474,false
1475,false
1476,false
1477,false
1478,false
1479,false
1480,false
1481,false
1482,false
1483,false
1484,false
1485,false
1486,false
1487,false
1488,false
1489,false
1490,false
1491,atlantic
1492,pacific
1493,false
1494,pacific
1495,atlantic
1496,atlantic
1497,atlantic
1498,pacific
1499,false
1500,false
1501,false
1502,false
1503,false
1504,false
1505,false
1506,atlantic
1507,false
1508,false
1509,pacific
1510,false
1511,false
1512,indian
1513,indian
1514,pacific
1515,pacific
1516,false
1517,pacific
1518,pacific
1519,pacific
1520,pacific
1521,pacific
1522,pacific
1523,pacific
1524,pacific
1525,pacific
1526,pacific
1527,pacific
1528,pacific
1529,pacific
1530,pacific
1531,pacific
1532,pacific
1533,false
1534,pacific
1535,pacific
1536,false
1537,false
1538,indian
1539,indian
1540,indian
1541,indian
1542,indian
1543,pacific
1544,pacific
1545,pacific
1546,false
1547,false
1548,false
1549,false
1550,false
1551,pacific
1552,pacific
1553,false
1554,pacific
1555,pacific
1556,pacific
1557,false
1558,false
1559,false
1560,false
1561,false
1562,false
1563,pacific
1564,false
1565,false
1566,pacific
1567,false
1568,false
1569,false
1570,false
1571,false
1572,atlantic
1573,atlantic
1574,atlantic
1575,atlantic
1576,atlantic
1577,atlantic
1578,atlantic
1579,atlantic
1580,atlantic
1581,atlantic
1582,pacific
1583,pacific
1584,false
1585,false
1586,indian
1587,indian
1588,indian
1589,atlantic
1590,atlantic
1591,false
1592,atlantic
1593,pacific
1594,pacific
1595,pacific
1596,pacific
1597,false
1598,false
1599,false
1600,false
1601,pacific
1602,false
1603,false
1604,false
1605,false
1606,false
1607,false
1608,false
1609,false
1610,false
1611,false
1612,false
1613,false
1614,false
1615,false
1616,false
1617,false
1618,pacific
1619,false
1620,false
1621,pacific
1622,false
1623,false
1624,indian
1625,indian
1626,indian
1627,indian
1628,indian
1629,indian
1630,pacific
1631,pacific
1632,pacific
1633,pacific
1634,pacific
1635,false
1636,false
1637,false
1638,pacific
1639,pacific
1640,pacific
1641,pacific
1642,pacific
1643,atlantic
1644,atlantic
1645,pacific
1646,false
1647,pacific
1648,false
1649,indian
1650,indian
1651,indian
1652,indian
1653,false
1654,indian
1655,indian
1656,pacific
1657,pacific
1658,pacific
1659,pacific
1660,false
1661,pacific
1662,pacific
1663,false
1664,indian
1665,indian
1666,pacific
1667,pacific
1668,pacific
1669,indian
1670,indian
1671,pacific
1672,pacific
1673,pacific
1674,pacific
1675,pacific
1676,false
1677,pacific
1678,pacific
1679,pacific
1680,pacific
1681,pacific
1682,pacific
1683,pacific
1684,pacific
1685,pacific
1686,pacific
1687,pacific
1688,pacific
1689,pacific
1690,pacific
1691,pacific
1692,pacific
1693,pacific
1694,indian
1695,indian
1696,indian
1697,indian
1698,pacific
1699,indian
1700,pacific
1701,pacific
1702,pacific
1703,pacific
1704,false
1705,false
1706,pacific
1707,indian
1708,indian
1709,indian
1710,pacific
1711,false
1712,false
1713,pacific
1714,false
1715,false
1716,false
1717,indian
1718,pacific
1719,pacific
1720,indian
1721,indian
1722,indian
1723,indian
1724,false
1725,pacific
1726,pacific
1727,pacific
1728,pacific
1729,pacific
1730,pacific
1731,pacific
1732,pacific
1733,indian
1734,pacific
1735,pacific
1736,pacific
1737,pacific
1738,pacific
1739,pacific
1740,pacific
1741,false
1742,pacific
1743,pacific
1744,false
1745,pacific
1746,indian
1747,pacific
1748,pacific
1749,indian
1750,pacific
1751,false
1752,false
1753,false
1754,pacific
1755,indian
1756,pacific
1757,indian
1758,indian
1759,indian
1760,pacific
1761,pacific
1762,false
1763,pacific
1764,pacific
1765,indian
1766,pacific
1767,pacific
1768,indian
1769,pacific
1770,pacific
1771,false
1772,false
1773,pacific
1774,pacific
1775,false
1776,false
1777,indian
1778,indian
1779,indian
1780,indian
1781,indian
1782,indian
1783,false
1784,false
1785,false
1786,false
1787,indian
1788,indian
1789,false
1790,false
1791,false
1792,atlantic
1793,atlantic
1794,atlantic
1795,atlantic
1796,atlantic
1797,atlantic
1798,atlantic
1799,indian
1800,indian
1801,atlantic
1802,atlantic
1803,false
1804,indian
1805,indian
1806,atlantic
1807,atlantic
1808,atlantic
1809,false
1810,false
1811,pacific
1812,pacific
1813,indian
1814,indian
1815,indian
1816,false
1817,indian
1818,indian
1819,atlantic
1820,false
1821,false
1822,pacific
1823,pacific
1824,indian
1825,indian
1826,atlantic
1827,indian
1828,indian
1829,atlantic
1830,false
1831,indian
1832,indian
1833,atlantic
1834,atlantic
1835,atlantic
1836,atlantic
1837,indian
1838,indian
1839,pacific
1840,false
1841,pacific
1842,pacific
1843,pacific
1844,pacific
1845,pacific
1846,indian
1847,false
1848,indian
1849,pacific
1850,pacific
1851,indian
1852,indian
1853,indian
1854,pacific
1855,false
1856,pacific
1857,pacific
1858,pacific
1859,indian
1860,indian
1861,indian
1862,indian
1863,indian
1864,pacific
1865,pacific
1866,pacific
1867,indian
1868,pacific
1869,pacific
1870,pacific
1871,pacific
1872,indian
1873,atlantic
1874,indian
1875,indian
1876,indian
1877,indian
1878,atlantic
1879,atlantic
1880,atlantic
1881,false
1882,atlantic
1883,indian
1884,indian
1885,indian
1886,atlantic
1887,atlantic
1888,false
1889,false
1890,indian
1891,indian
1892,false
1893,false
1894,indian
1895,false
1896,false
1897,indian
1898,atlantic
1899,indian
1900,indian
1901,atlantic
1902,pacific
1903,pacific
1904,indian
1905,indian
1906,indian
1907,indian
1908,indian
1909,indian
1910,indian
1911,indian
1912,indian
1913,indian
1914,indian
1915,indian
1916,indian
1917,indian
1918,indian
1919,indian
1920,indian
1921,indian
1922,indian
1923,indian
1924,indian
1925,indian
1926,indian
1927,indian
1928,indian
1929,indian
1930,indian
1931,indian
1932,indian
1933,indian
1934,indian
1935,indian
1936,indian
1937,indian
1938,indian
1939,indian
1940,pacific
1941,pacific
1942,pacific
1943,pacific
1944,false
1945,false
1946,false
1947,pacific
1948,false
1949,pacific
1950,pacific
1951,pacific
1952,pacific
1953,pacific
1954,pacific
1955,pacific
1956,pacific
1957,pacific
1958,pacific
1959,atlantic
1960,pacific
1961,pacific
1962,pacific
1963,atlantic
1964,atlantic
1965,false
1966,false
1967,false
1968,false
1969,false
1970,false
1971,false
1972,false
1973,false
1974,false
1975,false
1976,pacific
1977,pacific
1978,pacific
1979,pacific
1980,false
1981,false
1982,pacific
1983,pacific
1984,false
1985,pacific
1986,pacific
1987,pacific
1988,false
1989,false
1990,false
1991,indian
1992,false
1993,pacific
1994,pacific
1995,false
1996,pacific
1997,pacific
1998,pacific
1999,pacific
2000,pacific
2001,false
2002,pacific
2003,false
2004,indian
2005,pacific
2006,pacific
2007,pacific
2008,pacific
2009,pacific
2010,pacific
2011,pacific
2012,pacific
2013,pacific
2014,pacific
2015,pacific
2016,pacific
2017,pacific
2018,pacific
2019,pacific
2020,pacific
2021,pacific
2022,pacific
2023,pacific
2024,pacific
2025,false
2026,false
2027,false
2028,false
2029,false
2030,pacific
2031,pacific
2032,pacific
2033,pacific
2034,pacific
2035,pacific
2036,pacific
2037,pacific
2038,pacific
2039,pacific
2040,pacific
2041,false
2042,indian
2043,indian
2044,indian
2045,indian
2046,indian
2047,indian
2048,pacific
2049,false
2050,false
2051,false
2052,false
2053,pacific
2054,false
2055,false
2056,false
2057,false
2058,false
2059,false
2060,false
2061,pacific
2062,false
2063,false
2064,false
2065,false
2066,false
2067,false
2068,false
2069,false
2070,false
2071,false
2072,false
2073,false
2074,pacific
2075,pacific
2076,atlantic
2077,atlantic
2078,atlantic
2079,indian
2080,indian
2081,indian
2082,indian
2083,indian
2084,indian
2085,indian
2086,indian
2087,indian
2088,indian
2089,indian
2090,indian
2091,indian
2092,indian
2093,indian
2094,indian
2095,indian
2096,indian
2097,indian
2098,indian
2099,indian
2100,indian
2101,indian
2102,indian
2103,indian
2104,indian
2105,indian
2106,indian
2107,indian
2108,indian
2109,indian
2110,indian
2111,indian
2112,atlantic
2113,atlantic
2114,atlantic
2115,false
2116,false
2117,false
2118,false
2119,false
2120,false
2121,false
2122,false
2123,false
2124,atlantic
2125,pacific
2126,pacific
2127,false
2128,false
2129,indian
2130,indian
2131,indian
2132,indian
2133,indian
2134,indian
2135,indian
2136,indian
2137,indian
2138,indian
2139,indian
2140,false
2141,indian
2142,indian
2143,indian
2144,indian
2145,atlantic
2146,pacific
2147,false
2148,pacific
2149,atlantic
2150,atlantic
2151,atlantic
2152,indian
2153,false
2154,atlantic
2155,atlantic
2156,atlantic
2157,atlantic
2158,atlantic
2159,atlantic
2160,atlantic
2161,atlantic
2162,atlantic
2163,false
2164,false
2165,false
2166,false
2167,false
2168,false
2169,atlantic
2170,atlantic
2171,false
2172,false
2173,false
2174,false
2175,false
2176,false
2177,false
2178,atlantic
2179,atlantic
2180,false
2181,atlantic
2182,indian
2183,false
2184,atlantic
2185,atlantic
2186,atlantic
2187,false
2188,false
2189,false
2190,false
2191,false
2192,false
2193,false
2194,false
2195,false
2196,atlantic
2197,atlantic
2198,indian
2199,false
2200,false
2201,false
2202,false
2203,false
2204,false
2205,atlantic
2206,atlantic
2207,atlantic
2208,false
2209,false
2210,indian
2211,indian
2212,indian
2213,indian
2214,atlantic
2215,atlantic
2216,atlantic
2217,atlantic
2218,atlantic
2219,atlantic
2220,atlantic
2221,atlantic
2222,atlantic
2223,atlantic
2224,false
2225,atlantic
2226,atlantic
2227,false
2228,false
2229,false
2230,false
2231,false
2232,false
2233,false
2234,false
2235,false
2236,false
2237,false
2238,false
2239,false
2240,false
2241,false
2242,false
2243,false
2244,false
2245,false
2246,false
2247,false
2248,false
2249,false
2250,false
2251,false
2252,false
2253,false
2254,false
2255,false
2256,false
2257,false
2258,false
2259,false
2260,false
2261,false
2262,false
2263,false
2264,false
2265,false
2266,false
2267,false
2268,false
2269,false
2270,false
2271,false
2272,false
2273,false
2274,false
2275,false
2276,false
2277,false
2278,false
2279,false
2280,false
2281,false
2282,false
2283,false
2284,false
2285,false
2286,false
2287,false
2288,false
2289,false
2290,false
2291,false
2292,false
2293,false
2294,false
2295,false
2296,false
2297,atlantic
2298,atlantic
2299,atlantic
2300,pacific
2301,pacific
2302,pacific
2303,pacific
2304,false
2305,false
2306,false
2307,atlantic
2308,false
2309,false
2310,false
2311,pacific
2312,pacific
2313,pacific
2314,pacific
2315,false
2316,indian
2317,indian
2318,indian
2319,pacific
2320,pacific
2321,pacific
2322,pacific
2323,pacific
2324,pacific
2325,pacific
2326,pacific
2327,pacific
2328,pacific
2329,pacific
2330,false
2331,pacific
2332,pacific
2333,pacific
2334,pacific
2335,false
2336,indian
2337,indian
2338,indian
2339,pacific
2340,pacific
2341,pacific
2342,pacific
2343,pacific
2344,pacific
2345,pacific
2346,indian
2347,indian
2348,pacific
2349,pacific
2350,pacific
2351,pacific
2352,pacific
2353,indian
2354,pacific
2355,false
2356,pacific
2357,pacific
2358,false
2359,false
2360,false
2361,pacific
2362,atlantic
2363,atlantic
2364,indian
2365,indian
2366,pacific
2367,pacific
2368,pacific
2369,false
2370,indian
2371,indian
2372,indian
2373,atlantic
2374,atlantic
2375,false
2376,pacific
2377,pacific
2378,pacific
2379,pacific
2380,pacific
2381,pacific
2382,false
2383,false
2384,false
2385,false
2386,false
2387,false
2388,false
2389,false
2390,false
2391,false
2392,false
2393,false
2394,false
2395,false
2396,false
2397,false
2398,false
2399,false
2400,false
2401,false
2402,false
2403,false
2404,false
2405,false
2406,false
2407,atlantic
2408,false
2409,false
2410,false
2411,pacific
2412,pacific
2413,pacific
2414,pacific
2415,false
2416,false
2417,pacific
2418,indian
2419,indian
2420,indian
2421,indian
2422,indian
2423,false
2424,pacific
2425,pacific
2426,false
2427,false
2428,false
2429,false
2430,false
2431,false
2432,false
2433,pacific
2434,pacific
2435,false
2436,pacific
2437,atlantic
2438,pacific
2439,false
2440,pacific
2441,false
2442,false
2443,indian
2444,atlantic
2445,atlantic
2446,false
2447,indian
2448,pacific
2449,pacific
2450,indian
2451,indian
2452,pacific
2453,pacific
2454,pacific
2455,pacific
2456,pacific
2457,pacific
2458,pacific
2459,pacific
2460,pacific
2461,false
2462,pacific
2463,pacific
2464,pacific
2465,pacific
2466,indian
2467,indian
2468,false
2469,pacific
2470,indian
2471,pacific
2472,pacific
2473,pacific
2474,pacific
2475,false
2476,pacific
2477,pacific
2478,pacific
2479,pacific
2480,pacific
2481,pacific
2482,pacific
2483,pacific
2484,pacific
2485,indian
2486,indian
2487,pacific
2488,pacific
2489,pacific
2490,pacific
2491,pacific
2492,pacific
2493,pacific
2494,pacific
2495,pacific
2496,pacific
2497,pacific
2498,pacific
2499,pacific
2500,pacific
2501,pacific
2502,pacific
2503,indian
2504,indian
2505,indian
2506,indian
2507,indian
2508,indian
2509,indian
2510,indian
2511,indian
2512,pacific
2513,indian
2514,false
2515,pacific
2516,indian
2517,pacific
2518,pacific
2519,pacific
2520,false
2521,false
2522,pacific
2523,indian
2524,indian
2525,indian
2526,pacific
2527,pacific
2528,pacific
2529,pacific
2530,indian
2531,pacific
2532,indian
2533,indian
2534,indian
2535,pacific
2536,indian
2537,indian
2538,pacific
2539,pacific
2540,pacific
2541,pacific
2542,pacific
2543,pacific
2544,pacific
2545,false
2546,false
2547,false
2548,pacific
2549,pacific
2550,false
2551,false
2552,pacific
2553,false
2554,false
2555,pacific
2556,pacific
2557,pacific
2558,pacific
2559,indian
2560,indian
2561,indian
2562,indian
2563,pacific
2564,pacific
2565,pacific
2566,pacific
2567,pacific
2568,pacific
2569,indian
2570,false
2571,false
2572,pacific
2573,indian
2574,indian
2575,indian
2576,pacific
2577,indian
2578,indian
2579,indian
2580,indian
2581,indian
2582,atlantic
2583,indian
2584,indian
2585,false
2586,indian
2587,indian
2588,indian
2589,indian
2590,indian
2591,indian
2592,indian
2593,indian
2594,indian
2595,pacific
2596,false
2597,atlantic
2598,atlantic
2599,atlantic
2600,atlantic
2601,atlantic
2602,atlantic
2603,indian
2604,indian
2605,atlantic
2606,false
2607,indian
2608,indian
2609,atlantic
2610,atlantic
2611,atlantic
2612,indian
2613,atlantic
2614,atlantic
2615,atlantic
2616,pacific
2617,pacific
2618,pacific
2619,false
2620,indian
2621,indian
2622,indian
2623,pacific
2624,indian
2625,indian
2626,indian
2627,indian
2628,atlantic
2629,atlantic
2630,false
2631,pacific
2632,pacific
2633,indian
2634,indian
2635,atlantic
2636,atlantic
2637,indian
2638,indian
2639,pacific
2640,indian
2641,false
2642,false
2643,indian
2644,indian
2645,atlantic
2646,indian
2647,atlantic
2648,indian
2649,indian
2650,indian
2651,pacific
2652,pacific
2653,false
2654,pacific
2655,pacific
2656,pacific
2657,false
2658,pacific
2659,pacific
2660,indian
2661,false
2662,pacific
2663,pacific
2664,false
2665,false
2666,false
2667,pacific
2668,pacific
2669,false
2670,pacific
2671,false
2672,pacific
2673,pacific
2674,pacific
2675,pacific
2676,pacific
2677,indian
2678,pacific
2679,pacific
2680,indian
2681,indian
2682,pacific
2683,indian
2684,indian
2685,false
2686,false
2687,false
2688,false
2689,indian
2690,pacific
2691,pacific
2692,pacific
2693,indian
2694,indian
2695,pacific
2696,indian
2697,indian
2698,indian
2699,pacific
2700,indian
2701,indian
2702,atlantic
2703,atlantic
2704,atlantic
2705,atlantic
2706,atlantic
2707,false
2708,indian
2709,indian
2710,false
2711,indian
2712,indian
2713,indian
2714,indian
2715,indian
2716,indian
2717,indian
2718,indian
2719,indian
2720,false
2721,indian
2722,false
2723,indian
2724,indian
2725,false
2726,atlantic
2727,indian
2728,atlantic
2729,atlantic
2730,indian
2731,indian
2732,indian
2733,indian
2734,atlantic
2735,pacific
2736,indian
2737,indian
2738,indian
2739,indian
2740,indian
2741,indian
2742,indian
2743,indian
2744,indian
2745,indian
2746,indian
2747,indian
2748,indian
2749,indian
2750,indian
2751,indian
2752,indian
2753,indian
2754,indian
2755,indian
2756,indian
2757,indian
2758,indian
2759,indian
2760,indian
2761,indian
2762,indian
2763,indian
2764,indian
2765,indian
2766,indian
2767,indian
2768,indian
2769,indian
2770,indian
2771,indian
2772,indian
2773,indian
2774,pacific
2775,pacific
2776,pacific
2777,pacific
2778,atlantic
2779,atlantic
2780,false
2781,false
2782,atlantic
2783,atlantic
2784,pacific
2785,pacific
2786,pacific
2787,pacific
2788,pacific
2789,pacific
2790,pacific
2791,pacific
2792,atlantic
2793,pacific
2794,pacific
2795,atlantic
2796,atlantic
2797,pacific
2798,false
2799,false
2800,false
2801,false
2802,false
2803,false
2804,false
2805,pacific
2806,pacific
2807,atlantic
2808,pacific
2809,false
2810,false
2811,pacific
2812,false
2813,false
2814,pacific
2815,false
2816,false
2817,false
2818,false
2819,false
2820,false
2821,indian
2822,pacific
2823,indian
2824,false
2825,false
2826,pacific
2827,pacific
2828,false
2829,false
2830,false
2831,pacific
2832,false
2833,pacific
2834,pacific
2835,pacific
2836,pacific
2837,pacific
2838,pacific
2839,false
2840,pacific
2841,pacific
2842,false
2843,false
2844,pacific
2845,pacific
2846,pacific
2847,pacific
2848,pacific
2849,pacific
2850,pacific
2851,pacific
2852,pacific
2853,pacific
2854,pacific
2855,pacific
2856,pacific
2857,pacific
2858,pacific
2859,pacific
2860,pacific
2861,pacific
2862,false
2863,false
2864,false
2865,false
2866,false
2867,pacific
2868,pacific
2869,false
2870,pacific
2871,pacific
2872,pacific
2873,false
2874,pacific
2875,pacific
2876,pacific
2877,false
2878,indian
2879,indian
2880,indian
2881,indian
2882,indian
2883,pacific
2884,false
2885,false
2886,false
2887,pacific
2888,false
2889,false
2890,false
2891,false
2892,pacific
2893,pacific
2894,false
2895,false
2896,false
2897,false
2898,false
2899,false
2900,false
2901,pacific
2902,false
2903,false
2904,false
2905,false
2906,false
2907,false
2908,pacific
2909,atlantic
2910,atlantic
2911,atlantic
2912,atlantic
2913,atlantic
2914,atlantic
2915,atlantic
2916,atlantic
2917,atlantic
2918,atlantic
2919,atlantic
2920,atlantic
2921,indian
2922,indian
2923,indian
2924,indian
2925,indian
2926,indian
2927,indian
2928,indian
2929,indian
2930,indian
2931,indian
2932,indian
2933,indian
2934,indian
2935,indian
2936,indian
2937,indian
2938,indian
2939,indian
2940,indian
2941,indian
2942,indian
2943,indian
2944,indian
2945,indian
2946,false
2947,false
2948,false
2949,false
2950,false
2951,false
2952,false
2953,atlantic
2954,false
2955,false
2956,pacific
2957,atlantic
2958,indian
2959,indian
2960,indian
2961,indian
2962,indian
2963,indian
2964,indian
2965,indian
2966,indian
2967,indian
2968,false
2969,false
2970,indian
2971,false
2972,false
2973,false
2974,atlantic
2975,false
2976,false
2977,false
2978,pacific
2979,pacific
2980,false
2981,false
2982,pacific
2983,atlantic
2984,atlantic
2985,atlantic
2986,atlantic
2987,atlantic
2988,atlantic
2989,atlantic
2990,false
2991,atlantic
2992,indian
2993,indian
2994,atlantic
2995,atlantic
2996,atlantic
2997,atlantic
2998,atlantic
2999,atlantic
3000,atlantic
3001,atlantic
3002,false
3003,atlantic
3004,atlantic
3005,atlantic
3006,false
3007,false
3008,false
3009,false
3010,false
3011,false
3012,false
3013,false
3014,false
3015,false
3016,false
3017,atlantic
3018,atlantic
3019,atlantic
3020,atlantic
3021,atlantic
3022,false
3023,atlantic
3024,false
3025,false
3026,false
3027,atlantic
3028,atlantic
3029,false
3030,atlantic
3031,atlantic
3032,false
3033,false
3034,false
3035,false
3036,false
3037,atlantic
3038,atlantic
3039,atlantic
3040,false
3041,false
3042,false
3043,false
3044,false
3045,false
3046,false
3047,false
3048,false
3049,atlantic
3050,atlantic
3051,atlantic
3052,atlantic
3053,atlantic
3054,atlantic
3055,indian
3056,indian
3057,indian
3058,indian
3059,indian
3060,atlantic
3061,atlantic
3062,atlantic
3063,atlantic
3064,atlantic
3065,atlantic
3066,false
3067,false
3068,false
3069,false
3070,false
3071,atlantic
3072,atlantic
3073,false
3074,false
3075,false
3076,false
3077,false
3078,false
3079,false
3080,false
3081,false
3082,false
3083,false
3084,false
3085,false
3086,false
3087,false
3088,false
3089,false
3090,false
3091,false
3092,false
3093,false
3094,false
3095,false
3096,false
3097,false
3098,false
3099,false
3100,false
3101,false
3102,false
3103,false
3104,false
3105,false
3106,false
3107,false
3108,false
3109,false
3110,false
3111,false
3112,false
3113,false
3114,false
3115,false
3116,false
3117,false
3118,false
3119,false
3120,false
3121,false
3122,false
3123,false
3124,false
3125,false
3126,false
3127,false
3128,false
3129,false
3130,false
3131,false
3132,false
3133,false
3134,false
3135,false
3136,false
3137,atlantic
3138,false
3139,false
3140,false
3141,pacific
3142,false
3143,false
3144,false
3145,false
3146,false
3147,false
3148,pacific
3149,false
3150,atlantic
3151,indian
3152,pacific
3153,false
3154,false
3155,indian
3156,indian
3157,indian
3158,pacific
3159,pacific
3160,pacific
3161,pacific
3162,pacific
3163,pacific
3164,pacific
3165,pacific
3166,pacific
3167,pacific
3168,false
3169,pacific
3170,false
3171,pacific
3172,pacific
3173,pacific
3174,indian
3175,indian
3176,indian
3177,indian
3178,indian
3179,indian
3180,indian
3181,indian
3182,pacific
3183,pacific
3184,pacific
3185,false
3186,false
3187,pacific
3188,false
3189,false
3190,pacific
3191,false
3192,pacific
3193,false
3194,false
3195,false
3196,pacific
3197,false
3198,atlantic
3199,atlantic
3200,atlantic
3201,atlantic
3202,pacific
3203,pacific
3204,pacific
3205,pacific
3206,pacific
3207,pacific
3208,pacific
3209,pacific
3210,pacific
3211,pacific
3212,false
3213,indian
3214,indian
3215,indian
3216,indian
3217,indian
3218,indian
3219,indian
3220,indian
3221,indian
3222,indian
3223,atlantic
3224,atlantic
3225,atlantic
3226,atlantic
3227,atlantic
3228,pacific
3229,false
3230,pacific
3231,pacific
3232,false
3233,false
3234,false
3235,false
3236,false
3237,false
3238,pacific
3239,pacific
3240,false
3241,false
3242,false
3243,false
3244,false
3245,false
3246,false
3247,false
3248,false
3249,false
3250,false
3251,false
3252,false
3253,atlantic
3254,atlantic
3255,false
3256,false
3257,pacific
3258,false
3259,pacific
3260,false
3261,false
3262,pacific
3263,pacific
3264,false
3265,false
3266,pacific
3267,false
3268,pacific
3269,pacific
3270,indian
3271,indian
3272,indian
3273,indian
3274,indian
3275,pacific
3276,false
3277,pacific
3278,pacific
3279,pacific
3280,false
3281,false
3282,pacific
3283,pacific
3284,pacific
3285,atlantic
3286,atlantic
3287,pacific
3288,false
3289,pacific
3290,false
3291,false
3292,false
3293,indian
3294,indian
3295,false
3296,pacific
3297,pacific
3298,indian
3299,pacific
3300,pacific
3301,pacific
3302,pacific
3303,pacific
3304,pacific
3305,pacific
3306,pacific
3307,pacific
3308,pacific
3309,pacific
3310,pacific
3311,pacific
3312,pacific
3313,pacific
3314,false
3315,indian
3316,indian
3317,false
3318,false
3319,pacific
3320,pacific
3321,indian
3322,indian
3323,indian
3324,false
3325,false
3326,pacific
3327,pacific
3328,pacific
3329,pacific
3330,indian
3331,indian
3332,indian
3333,indian
3334,pacific
3335,indian
3336,pacific
3337,pacific
3338,pacific
3339,false
3340,pacific
3341,pacific
3342,pacific
3343,pacific
3344,pacific
3345,false
3346,pacific
3347,pacific
3348,pacific
3349,indian
3350,indian
3351,indian
3352,pacific
3353,pacific
3354,pacific
3355,indian
3356,indian
3357,pacific
3358,indian
3359,pacific
3360,pacific
3361,indian
3362,pacific
3363,indian
3364,indian
3365,indian
3366,false
3367,false
3368,false
3369,indian
3370,indian
3371,pacific
3372,pacific
3373,pacific
3374,pacific
3375,indian
3376,indian
3377,indian
3378,indian
3379,indian
3380,pacific
3381,pacific
3382,pacific
3383,indian
3384,indian
3385,false
3386,pacific
3387,indian
3388,pacific
3389,pacific
3390,pacific
3391,false
3392,false
3393,pacific
3394,pacific
3395,indian
3396,indian
3397,indian
3398,indian
3399,indian
3400,indian
3401,false
3402,pacific
3403,pacific
3404,pacific
3405,indian
3406,false
3407,indian
3408,pacific
3409,pacific
3410,pacific
3411,indian
3412,pacific
3413,false
3414,indian
3415,indian
3416,false
3417,false
3418,pacific
3419,indian
3420,false
3421,indian
3422,indian
3423,indian
3424,indian
3425,indian
3426,indian
3427,pacific
3428,false
3429,indian
3430,indian
3431,indian
3432,false
3433,indian
3434,indian
3435,pacific
3436,atlantic
3437,indian
3438,false
3439,false
3440,atlantic
3441,indian
3442,indian
3443,indian
3444,indian
3445,indian
3446,indian
3447,atlantic
3448,atlantic
3449,atlantic
3450,atlantic
3451,atlantic
3452,atlantic
3453,atlantic
3454,atlantic
3455,atlantic
3456,indian
3457,indian
3458,indian
3459,pacific
3460,pacific
3461,pacific
3462,pacific
3463,pacific
3464,pacific
3465,indian
3466,false
3467,indian
3468,atlantic
3469,atlantic
3470,pacific
3471,pacific
3472,indian
3473,indian
3474,indian
3475,indian
3476,pacific
3477,false
3478,false
3479,atlantic
3480,false
3481,false
3482,false
3483,atlantic
3484,indian
3485,indian
3486,indian
3487,pacific
3488,pacific
3489,pacific
3490,false
3491,false
3492,false
3493,false
3494,pacific
3495,pacific
3496,false
3497,pacific
3498,pacific
3499,indian
3500,pacific
3501,pacific
3502,pacific
3503,pacific
3504,false
3505,pacific
3506,indian
3507,pacific
3508,indian
3509,indian
3510,indian
3511,indian
3512,indian
3513,indian
3514,indian
3515,false
3516,false
3517,false
3518,pacific
3519,pacific
3520,pacific
3521,pacific
3522,pacific
3523,indian
3524,indian
3525,indian
3526,indian
3527,atlantic
3528,atlantic
3529,atlantic
3530,atlantic
3531,false
3532,indian
3533,indian
3534,indian
3535,indian
3536,atlantic
3537,atlantic
3538,atlantic
3539,indian
3540,indian
3541,indian
3542,indian
3543,false
3544,indian
3545,indian
3546,indian
3547,indian
3548,indian
3549,false
3550,indian
3551,indian
3552,false
3553,atlantic
3554,atlantic
3555,indian
3556,indian
3557,indian
3558,indian
3559,indian
3560,indian
3561,indian
3562,indian
3563,indian
3564,indian
3565,indian
3566,indian
3567,indian
3568,indian
3569,indian
3570,indian
3571,indian
3572,indian
3573,indian
3574,indian
3575,indian
3576,indian
3577,indian
3578,indian
3579,indian
3580,indian
3581,indian
3582,indian
3583,indian
3584,indian
3585,indian
3586,indian
3587,pacific
3588,pacific
3589,pacific
3590,pacific
3591,pacific
3592,false
3593,false
3594,false
3595,atlantic
3596,indian
3597,pacific
3598,pacific
3599,pacific
3600,pacific
3601,false
3602,pacific
3603,pacific
3604,pacific
3605,pacific
3606,pacific
3607,pacific
3608,pacific
3609,pacific
3610,atlantic
3611,false
3612,false
3613,false
3614,false
3615,false
3616,false
3617,false
3618,false
3619,false
3620,pacific
3621,atlantic
3622,pacific
3623,false
3624,pacific
3625,pacific
3626,atlantic
3627,false
3628,false
3629,atlantic
3630,false
3631,pacific
3632,false
3633,atlantic
3634,false
3635,false
3636,false
3637,false
3638,pacific
3639,false
3640,false
3641,false
3642,false
3643,pacific
3644,pacific
3645,pacific
3646,false
3647,false
3648,atlantic
3649,pacific
3650,false
3651,pacific
3652,false
3653,atlantic
3654,false
3655,pacific
3656,pacific
3657,pacific
3658,pacific
3659,pacific
3660,pacific
3661,pacific
3662,pacific
3663,pacific
3664,pacific
3665,pacific
3666,false
3667,false
3668,false
3669,false
3670,pacific
3671,pacific
3672,pacific
3673,pacific
3674,pacific
3675,pacific
3676,pacific
3677,pacific
3678,pacific
3679,indian
3680,indian
3681,indian
3682,indian
3683,indian
3684,indian
3685,false
3686,false
3687,pacific
3688,false
3689,false
3690,false
3691,false
3692,pacific
3693,pacific
3694,pacific
3695,false
3696,false
3697,false
3698,false
3699,false
3700,false
3701,false
3702,false
3703,false
3704,false
3705,false
3706,false
3707,atlantic
3708,indian
3709,atlantic
3710,indian
3711,indian
3712,indian
3713,indian
3714,indian
3715,indian
3716,atlantic
3717,indian
3718,indian
3719,indian
3720,indian
3721,indian
3722,indian
3723,indian
3724,indian
3725,indian
3726,indian
3727,indian
3728,indian
3729,indian
3730,indian
3731,indian
3732,indian
3733,indian
3734,indian
3735,indian
3736,indian
3737,indian
3738,indian
3739,indian
3740,indian
3741,indian
3742,indian
3743,indian
3744,indian
3745,indian
3746,atlantic
3747,atlantic
3748,atlantic
3749,false
3750,false
3751,false
3752,false
3753,false
3754,atlantic
3755,atlantic
3756,false
3757,atlantic
3758,indian
3759,indian
3760,indian
3761,indian
3762,indian
3763,indian
3764,indian
3765,indian
3766,indian
3767,indian
3768,false
3769,false
3770,false
3771,atlantic
3772,atlantic
3773,atlantic
3774,indian
3775,false
3776,false
3777,pacific
3778,pacific
3779,pacific
3780,false
3781,pacific
3782,pacific
3783,false
3784,atlantic
3785,indian
3786,atlantic
3787,false
3788,atlantic
3789,atlantic
3790,false
3791,false
3792,atlantic
3793,atlantic
3794,false
3795,false
3796,false
3797,false
3798,false
3799,false
3800,atlantic
3801,false
3802,false
3803,false
3804,false
3805,atlantic
3806,atlantic
3807,atlantic
3808,atlantic
3809,atlantic
3810,false
3811,atlantic
3812,false
3813,false
3814,false
3815,false
3816,false
3817,atlantic
3818,false
3819,false
3820,atlantic
3821,false
3822,false
3823,false
3824,false
3825,false
3826,atlantic
3827,false
3828,false
3829,false
3830,false
3831,false
3832,false
3833,false
3834,false
3835,false
3836,false
3837,atlantic
3838,false
3839,false
3840,false
3841,false
3842,false
3843,atlantic
3844,atlantic
3845,atlantic
3846,mediterranean
3847,atlantic
3848,atlantic
3849,atlantic
3850,atlantic
3851,atlantic
3852,atlantic
3853,atlantic
3854,atlantic
3855,atlantic
3856,false
3857,false
3858,false
3859,false
3860,false
3861,false
3862,false
3863,false
3864,false
3865,false
3866,false
3867,false
3868,false
3869,false
3870,false
3871,false
3872,false
3873,false
3874,false
3875,false
3876,false
3877,false
3878,false
3879,false
3880,false
3881,false
3882,false
3883,false
3884,false
3885,false
3886,false
3887,false
3888,false
3889,false
3890,false
3891,false
3892,false
3893,false
3894,false
3895,false
3896,false
3897,false
3898,false
3899,false
3900,false
3901,false
3902,false
3903,false
3904,false
3905,false
3906,false
3907,false
3908,false
3909,false
3910,false
3911,false
3912,false
3913,false
3914,false
3915,false
3916,false
3917,pacific
3918,false
3919,false
3920,false
3921,false
3922,false
3923,false
3924,false
3925,false
3926,false
3927,false
3928,false
3929,atlantic
3930,atlantic
3931,false
3932,false
3933,pacific
3934,pacific
3935,pacific
3936,false
3937,false
3938,false
3939,false
3940,false
3941,false
3942,false
3943,pacific
3944,atlantic
3945,false
3946,indian
3947,indian
3948,indian
3949,indian
3950,pacific
3951,pacific
3952,pacific
3953,pacific
3954,pacific
3955,pacific
3956,pacific
3957,pacific
3958,pacific
3959,pacific
3960,pacific
3961,pacific
3962,pacific
3963,pacific
3964,pacific
3965,pacific
3966,false
3967,pacific
3968,pacific
3969,false
3970,false
3971,false
3972,indian
3973,indian
3974,indian
3975,indian
3976,indian
3977,indian
3978,indian
3979,indian
3980,indian
3981,pacific
3982,pacific
3983,false
3984,indian
3985,pacific
3986,false
3987,pacific
3988,pacific
3989,false
3990,pacific
3991,false
3992,false
3993,false
3994,false
3995,false
3996,pacific
3997,false
3998,false
3999,false
4000,false
4001,false
4002,pacific
4003,false
4004,pacific
4005,false
4006,atlantic
4007,atlantic
4008,atlantic
4009,atlantic
4010,atlantic
4011,atlantic
4012,atlantic
4013,atlantic
4014,atlantic
4015,pacific
4016,pacific
4017,pacific
4018,pacific
4019,pacific
4020,indian
4021,false
4022,false
4023,false
4024,false
4025,indian
4026,indian
4027,indian
4028,indian
4029,indian
4030,indian
4031,indian
4032,pacific
4033,pacific
4034,pacific
4035,pacific
4036,false
4037,pacific
4038,false
4039,false
4040,pacific
4041,pacific
4042,pacific
4043,false
4044,false
4045,false
4046,false
4047,false
4048,false
4049,false
4050,false
4051,pacific
4052,false
4053,false
4054,false
4055,false
4056,atlantic
4057,false
4058,false
4059,pacific
4060,pacific
4061,false
4062,pacific
4063,pacific
4064,pacific
4065,false
4066,false
4067,false
4068,false
4069,false
4070,pacific
4071,pacific
4072,pacific
4073,pacific
4074,indian
4075,indian
4076,indian
4077,pacific
4078,pacific
4079,pacific
4080,pacific
4081,pacific
4082,pacific
4083,false
4084,false
4085,false
4086,false
4087,pacific
4088,pacific
4089,pacific
4090,pacific
4091,pacific
4092,pacific
4093,pacific
4094,pacific
4095,false
4096,indian
4097,false
4098,false
4099,indian
4100,indian
4101,indian
4102,false
4103,atlantic
4104,pacific
4105,pacific
4106,pacific
4107,false
4108,pacific
4109,pacific
4110,pacific
4111,pacific
4112,pacific
4113,pacific
4114,pacific
4115,pacific
4116,pacific
4117,pacific
4118,pacific
4119,pacific
4120,pacific
4121,pacific
4122,false
4123,indian
4124,false
4125,false
4126,pacific
4127,pacific
4128,pacific
4129,pacific
4130,pacific
4131,pacific
4132,pacific
4133,pacific
4134,pacific
4135,pacific
4136,pacific
4137,pacific
4138,pacific
4139,pacific
4140,false
4141,pacific
4142,pacific
4143,pacific
4144,false
4145,pacific
4146,pacific
4147,pacific
4148,pacific
4149,pacific
4150,false
4151,pacific
4152,indian
4153,pacific
4154,pacific
4155,pacific
4156,false
4157,indian
4158,pacific
4159,indian
4160,pacific
4161,pacific
4162,indian
4163,pacific
4164,pacific
4165,indian
4166,pacific
4167,false
4168,indian
4169,indian
4170,indian
4171,pacific
4172,pacific
4173,pacific
4174,pacific
4175,pacific
4176,indian
4177,pacific
4178,indian
4179,pacific
4180,pacific
4181,pacific
4182,pacific
4183,pacific
4184,pacific
4185,pacific
4186,indian
4187,indian
4188,pacific
4189,false
4190,false
4191,false
4192,pacific
4193,indian
4194,indian
4195,indian
4196,pacific
4197,false
4198,pacific
4199,pacific
4200,false
4201,false
4202,false
4203,false
4204,pacific
4205,false
4206,false
4207,false
4208,pacific
4209,indian
4210,pacific
4211,pacific
4212,pacific
4213,indian
4214,indian
4215,indian
4216,indian
4217,indian
4218,pacific
4219,pacific
4220,pacific
4221,pacific
4222,false
4223,pacific
4224,false
4225,indian
4226,indian
4227,pacific
4228,pacific
4229,false
4230,indian
4231,indian
4232,indian
4233,false
4234,false
4235,indian
4236,false
4237,indian
4238,indian
4239,indian
4240,false
4241,indian
4242,atlantic
4243,atlantic
4244,atlantic
4245,pacific
4246,atlantic
4247,atlantic
4248,false
4249,pacific
4250,false
4251,indian
4252,indian
4253,indian
4254,indian
4255,atlantic
4256,atlantic
4257,atlantic
4258,atlantic
4259,atlantic
4260,atlantic
4261,atlantic
4262,atlantic
4263,atlantic
4264,false
4265,false
4266,pacific
4267,indian
4268,indian
4269,pacific
4270,indian
4271,indian
4272,atlantic
4273,false
4274,pacific
4275,pacific
4276,false
4277,indian
4278,indian
4279,indian
4280,indian
4281,atlantic
4282,indian
4283,indian
4284,indian
4285,pacific
4286,false
4287,false
4288,atlantic
4289,false
4290,atlantic
4291,indian
4292,indian
4293,pacific
4294,false
4295,pacific
4296,indian
4297,false
4298,false
4299,pacific
4300,indian
4301,false
4302,pacific
4303,false
4304,indian
4305,indian
4306,false
4307,false
4308,false
4309,false
4310,pacific
4311,pacific
4312,false
4313,false
4314,pacific
4315,indian
4316,indian
4317,indian
4318,false
4319,pacific
4320,pacific
4321,atlantic
4322,indian
4323,pacific
4324,pacific
4325,indian
4326,indian
4327,atlantic
4328,atlantic
4329,false
4330,indian
4331,indian
4332,indian
4333,false
4334,atlantic
4335,atlantic
4336,atlantic
4337,atlantic
4338,atlantic
4339,atlantic
4340,pacific
4341,false
4342,indian
4343,indian
4344,indian
4345,indian
4346,pacific
4347,indian
4348,indian
4349,indian
4350,indian
4351,atlantic
4352,atlantic
4353,indian
4354,pacific
4355,indian
4356,indian
4357,indian
4358,indian
4359,indian
4360,indian
4361,indian
4362,indian
4363,indian
4364,indian
4365,indian
4366,indian
4367,indian
4368,indian
4369,indian
4370,indian
4371,indian
4372,indian
4373,indian
4374,indian
4375,indian
4376,indian
4377,indian
4378,indian
4379,indian
4380,indian
4381,indian
4382,indian
4383,indian
4384,indian
4385,indian
4386,indian
4387,indian
4388,indian
4389,pacific
4390,pacific
4391,pacific
4392,pacific
4393,pacific
4394,false
4395,atlantic
4396,indian
4397,atlantic
4398,atlantic
4399,pacific
4400,pacific
4401,false
4402,pacific
4403,pacific
4404,atlantic
4405,atlantic
4406,pacific
4407,pacific
4408,pacific
4409,false
4410,false
4411,false
4412,false
4413,false
4414,false
4415,false
4416,false
4417,false
4418,false
4419,false
4420,pacific
4421,false
4422,false
4423,atlantic
4424,false
4425,pacific
4426,false
4427,false
4428,pacific
4429,false
4430,false
4431,pacific
4432,false
4433,false
4434,false
4435,false
4436,false
4437,pacific
4438,false
4439,false
4440,pacific
4441,pacific
4442,atlantic
4443,atlantic
4444,atlantic
4445,pacific
4446,pacific
4447,indian
4448,pacific
4449,pacific
4450,pacific
4451,pacific
4452,pacific
4453,pacific
4454,pacific
4455,pacific
4456,pacific
4457,pacific
4458,pacific
4459,pacific
4460,pacific
4461,false
4462,false
4463,false
4464,pacific
4465,false
4466,false
4467,pacific
4468,false
4469,false
4470,pacific
4471,false
4472,false
4473,false
4474,pacific
4475,false
4476,pacific
4477,false
4478,pacific
4479,indian
4480,indian
4481,indian
4482,indian
4483,indian
4484,indian
4485,pacific
4486,pacific
4487,pacific
4488,false
4489,false
4490,false
4491,false
4492,false
4493,pacific
4494,false
4495,pacific
4496,false
4497,pacific
4498,false
4499,false
4500,false
4501,false
4502,false
4503,false
4504,false
4505,false
4506,false
4507,false
4508,false
4509,false
4510,indian
4511,false
4512,false
4513,false
4514,false
4515,pacific
4516,pacific
4517,atlantic
4518,atlantic
4519,atlantic
4520,atlantic
4521,atlantic
4522,indian
4523,indian
4524,indian
4525,indian
4526,atlantic
4527,indian
4528,indian
4529,indian
4530,atlantic
4531,indian
4532,indian
4533,indian
4534,indian
4535,indian
4536,indian
4537,indian
4538,indian
4539,indian
4540,indian
4541,indian
4542,indian
4543,indian
4544,indian
4545,indian
4546,indian
4547,indian
4548,indian
4549,indian
4550,indian
4551,indian
4552,indian
4553,indian
4554,atlantic
4555,atlantic
4556,false
4557,false
4558,false
4559,false
4560,false
4561,false
4562,pacific
4563,false
4564,indian
4565,indian
4566,indian
4567,indian
4568,indian
4569,indian
4570,indian
4571,indian
4572,indian
4573,false
4574,false
4575,false
4576,false
4577,false
4578,false
4579,false
4580,false
4581,indian
4582,atlantic
4583,indian
4584,false
4585,false
4586,pacific
4587,pacific
4588,indian
4589,pacific
4590,atlantic
4591,atlantic
4592,atlantic
4593,atlantic
4594,false
4595,atlantic
4596,atlantic
4597,atlantic
4598,indian
4599,atlantic
4600,atlantic
4601,atlantic
4602,atlantic
4603,atlantic
4604,false
4605,false
4606,false
4607,false
4608,false
4609,false
4610,false
4611,false
4612,atlantic
4613,atlantic
4614,atlantic
4615,atlantic
4616,atlantic
4617,atlantic
4618,false
4619,false
4620,false
4621,false
4622,false
4623,false
4624,atlantic
4625,atlantic
4626,false
4627,atlantic
4628,false
4629,false
4630,atlantic
4631,false
4632,false
4633,atlantic
4634,atlantic
4635,false
4636,false
4637,false
4638,false
4639,false
4640,false
4641,atlantic
4642,atlantic
4643,false
4644,atlantic
4645,indian
4646,false
4647,indian
4648,indian
4649,atlantic
4650,atlantic
4651,atlantic
4652,atlantic
4653,atlantic
4654,atlantic
4655,atlantic
4656,atlantic
4657,atlantic
4658,atlantic
4659,atlantic
4660,atlantic
4661,atlantic
4662,false
4663,atlantic
4664,false
4665,false
4666,false
4667,false
4668,false
4669,false
4670,false
4671,false
4672,false
4673,false
4674,false
4675,false
4676,false
4677,false
4678,false
4679,false
4680,false
4681,false
4682,false
4683,false
4684,false
4685,false
4686,false
4687,false
4688,false
4689,false
4690,false
4691,false
4692,false
4693,false
4694,false
4695,false
4696,false
4697,false
4698,false
4699,false
4700,false
4701,false
4702,false
4703,false
4704,false
4705,false
4706,false
4707,false
4708,false
4709,false
4710,false
4711,false
4712,false
4713,false
4714,false
4715,false
4716,false
4717,false
4718,false
4719,false
4720,false
4721,pacific
4722,false
4723,false
4724,false
4725,false
4726,false
4727,false
4728,atlantic
4729,pacific
4730,false
4731,pacific
4732,pacific
4733,pacific
4734,atlantic
4735,atlantic
4736,false
4737,false
4738,false
4739,false
4740,false
4741,false
4742,false
4743,atlantic
4744,atlantic
4745,pacific
4746,false
4747,indian
4748,indian
4749,pacific
4750,pacific
4751,pacific
4752,pacific
4753,pacific
4754,pacific
4755,pacific
4756,pacific
4757,pacific
4758,pacific
4759,pacific
4760,pacific
4761,pacific
4762,pacific
4763,pacific
4764,pacific
4765,pacific
4766,pacific
4767,pacific
4768,pacific
4769,false
4770,pacific
4771,pacific
4772,pacific
4773,pacific
4774,false
4775,indian
4776,indian
4777,indian
4778,indian
4779,pacific
4780,indian
4781,pacific
4782,false
4783,pacific
4784,pacific
4785,false
4786,pacific
4787,indian
4788,indian
4789,false
4790,false
4791,false
4792,false
4793,false
4794,pacific
4795,pacific
4796,pacific
4797,false
4798,pacific
4799,pacific
4800,false
4801,false
4802,false
4803,pacific
4804,false
4805,false
4806,false
4807,false
4808,false
4809,pacific
4810,atlantic
4811,atlantic
4812,atlantic
4813,atlantic
4814,atlantic
4815,pacific
4816,pacific
4817,pacific
4818,pacific
4819,pacific
4820,pacific
4821,indian
4822,indian
4823,indian
4824,indian
4825,indian
4826,false
4827,false
4828,pacific
4829,pacific
4830,pacific
4831,false
4832,false
4833,false
4834,false
4835,pacific
4836,false
4837,false
4838,false
4839,false
4840,false
4841,false
4842,false
4843,false
4844,false
4845,false
4846,false
4847,false
4848,false
4849,false
4850,false
4851,false
4852,false
4853,false
4854,false
4855,atlantic
4856,false
4857,false
4858,false
4859,false
4860,false
4861,pacific
4862,false
4863,false
4864,false
4865,false
4866,pacific
4867,indian
4868,indian
4869,indian
4870,indian
4871,indian
4872,false
4873,pacific
4874,pacific
4875,pacific
4876,pacific
4877,false
4878,false
4879,false
4880,false
4881,pacific
4882,pacific
4883,pacific
4884,false
4885,pacific
4886,atlantic
4887,atlantic
4888,atlantic
4889,pacific
4890,pacific
4891,pacific
4892,false
4893,indian
4894,false
4895,false
4896,indian
4897,false
4898,false
4899,pacific
4900,pacific
4901,indian
4902,indian
4903,pacific
4904,pacific
4905,pacific
4906,pacific
4907,pacific
4908,pacific
4909,pacific
4910,false
4911,pacific
4912,false
4913,indian
4914,pacific
4915,pacific
4916,indian
4917,pacific
4918,indian
4919,false
4920,pacific
4921,indian
4922,pacific
4923,pacific
4924,pacific
4925,pacific
4926,pacific
4927,indian
4928,indian
4929,indian
4930,pacific
4931,pacific
4932,pacific
4933,indian
4934,pacific
4935,pacific
4936,false
4937,pacific
4938,pacific
4939,pacific
4940,pacific
4941,false
4942,pacific
4943,pacific
4944,pacific
4945,indian
4946,indian
4947,indian
4948,pacific
4949,indian
4950,pacific
4951,pacific
4952,pacific
4953,pacific
4954,pacific
4955,false
4956,pacific
4957,pacific
4958,pacific
4959,pacific
4960,pacific
4961,pacific
4962,false
4963,indian
4964,indian
4965,false
4966,false
4967,false
4968,pacific
4969,indian
4970,indian
4971,pacific
4972,pacific
4973,pacific
4974,pacific
4975,indian
4976,indian
4977,indian
4978,pacific
4979,pacific
4980,pacific
4981,pacific
4982,pacific
4983,pacific
4984,pacific
4985,pacific
4986,pacific
4987,indian
4988,indian
4989,pacific
4990,pacific
4991,pacific
4992,false
4993,pacific
4994,pacific
4995,false
4996,false
4997,pacific
4998,indian
4999,false
5000,pacific
5001,pacific
5002,false
5003,false
5004,false
5005,pacific
5006,indian
5007,indian
5008,indian
5009,pacific
5010,pacific
5011,indian
5012,indian
5013,pacific
5014,pacific
5015,pacific
5016,pacific
5017,indian
5018,pacific
5019,pacific
5020,false
5021,false
5022,false
5023,pacific
5024,indian
5025,indian
5026,indian
5027,indian
5028,indian
5029,indian
5030,indian
5031,indian
5032,indian
5033,false
5034,false
5035,indian
5036,false
5037,indian
5038,indian
5039,indian
5040,pacific
5041,false
5042,pacific
5043,indian
5044,atlantic
5045,atlantic
5046,atlantic
5047,atlantic
5048,atlantic
5049,atlantic
5050,atlantic
5051,atlantic
5052,indian
5053,false
5054,pacific
5055,indian
5056,indian
5057,indian
5058,indian
5059,indian
5060,indian
5061,atlantic
5062,atlantic
5063,atlantic
5064,atlantic
5065,atlantic
5066,indian
5067,false
5068,pacific
5069,pacific
5070,indian
5071,indian
5072,indian
5073,pacific
5074,indian
5075,indian
5076,indian
5077,pacific
5078,false
5079,indian
5080,indian
5081,indian
5082,indian
5083,false
5084,atlantic
5085,false
5086,false
5087,false
5088,indian
5089,indian
5090,pacific
5091,pacific
5092,false
5093,atlantic
5094,atlantic
5095,indian
5096,indian
5097,indian
5098,pacific
5099,pacific
5100,false
5101,false
5102,pacific
5103,pacific
5104,indian
5105,pacific
5106,false
5107,false
5108,false
5109,false
5110,false
5111,indian
5112,pacific
5113,false
5114,pacific
5115,pacific
5116,pacific
5117,pacific
5118,pacific
5119,pacific
5120,pacific
5121,pacific
5122,indian
5123,indian
5124,pacific
5125,pacific
5126,indian
5127,indian
5128,pacific
5129,pacific
5130,indian
5131,pacific
5132,indian
5133,indian
5134,indian
5135,indian
5136,indian
5137,indian
5138,false
5139,false
5140,false
5141,pacific
5142,pacific
5143,pacific
5144,pacific
5145,indian
5146,indian
5147,atlantic
5148,indian
5149,indian
5150,indian
5151,indian
5152,indian
5153,atlantic
5154,atlantic
5155,indian
5156,indian
5157,false
5158,indian
5159,indian
5160,indian
5161,indian
5162,atlantic
5163,atlantic
5164,false
5165,false
5166,indian
5167,indian
5168,indian
5169,pacific
5170,false
5171,false
5172,false
5173,indian
5174,indian
5175,atlantic
5176,indian
5177,indian
5178,indian
5179,indian
5180,indian
5181,indian
5182,indian
5183,indian
5184,indian
5185,indian
5186,indian
5187,indian
5188,indian
5189,indian
5190,indian
5191,indian
5192,indian
5193,indian
5194,indian
5195,indian
5196,indian
5197,indian
5198,indian
5199,indian
5200,indian
5201,indian
5202,indian
5203,indian
5204,indian
5205,indian
5206,indian
5207,indian
5208,indian
5209,indian
5210,indian
5211,indian
5212,indian
5213,indian
5214,indian
5215,indian
5216,indian
5217,indian
5218,indian
5219,indian
5220,indian
5221,indian
5222,indian
5223,indian
5224,indian
5225,pacific
5226,pacific
5227,pacific
5228,pacific
5229,pacific
5230,pacific
5231,pacific
5232,false
5233,pacific
5234,atlantic
5235,false
5236,atlantic
5237,atlantic
5238,pacific
5239,false
5240,pacific
5241,pacific
5242,atlantic
5243,pacific
5244,pacific
5245,pacific
5246,atlantic
5247,indian
5248,indian
5249,pacific
5250,pacific
5251,atlantic
5252,indian
5253,false
5254,false
5255,false
5256,false
5257,false
5258,false
5259,false
5260,false
5261,false
5262,pacific
5263,atlantic
5264,pacific
5265,pacific
5266,pacific
5267,pacific
5268,false
5269,false
5270,false
5271,pacific
5272,pacific
5273,pacific
5274,false
5275,false
5276,false
5277,false
5278,false
5279,false
5280,false
5281,false
5282,false
5283,false
5284,false
5285,false
5286,false
5287,false
5288,false
5289,false
5290,pacific
5291,false
5292,pacific
5293,pacific
5294,atlantic
5295,atlantic
5296,false
5297,false
5298,pacific
5299,pacific
5300,pacific
5301,pacific
5302,pacific
5303,pacific
5304,pacific
5305,pacific
5306,false
5307,false
5308,false
5309,false
5310,false
5311,pacific
5312,pacific
5313,pacific
5314,pacific
5315,pacific
5316,pacific
5317,pacific
5318,false
5319,false
5320,indian
5321,indian
5322,indian
5323,indian
5324,indian
5325,pacific
5326,pacific
5327,false
5328,false
5329,pacific
5330,pacific
5331,pacific
5332,pacific
5333,false
5334,false
5335,false
5336,false
5337,false
5338,pacific
5339,false
5340,false
5341,false
5342,false
5343,false
5344,false
5345,false
5346,pacific
5347,indian
5348,atlantic
5349,atlantic
5350,atlantic
5351,indian
5352,indian
5353,indian
5354,indian
5355,indian
5356,indian
5357,indian
5358,indian
5359,indian
5360,indian
5361,indian
5362,indian
5363,indian
5364,indian
5365,indian
5366,indian
5367,indian
5368,indian
5369,indian
5370,indian
5371,indian
5372,indian
5373,indian
5374,indian
5375,indian
5376,indian
5377,indian
5378,indian
5379,indian
5380,indian
5381,indian
5382,atlantic
5383,atlantic
5384,false
5385,false
5386,false
5387,false
5388,false
5389,false
5390,atlantic
5391,false
5392,indian
5393,indian
5394,indian
5395,indian
5396,indian
5397,indian
5398,indian
5399,indian
5400,indian
5401,indian
5402,indian
5403,false
5404,false
5405,indian
5406,false
5407,indian
5408,atlantic
5409,atlantic
5410,pacific
5411,pacific
5412,false
5413,false
5414,indian
5415,atlantic
5416,pacific
5417,false
5418,false
5419,atlantic
5420,false
5421,atlantic
5422,atlantic
5423,false
5424,false
5425,false
5426,indian
5427,atlantic
5428,indian
5429,indian
5430,atlantic
5431,false
5432,false
5433,false
5434,atlantic
5435,indian
5436,false
5437,false
5438,false
5439,false
5440,indian
5441,false
5442,pacific
5443,pacific
5444,pacific
5445,indian
5446,indian
5447,indian
5448,indian
5449,indian
5450,pacific
5451,false
5452,indian
5453,false
5454,false
5455,atlantic
5456,pacific
5457,pacific
5458,indian
5459,indian
5460,indian
5461,indian
5462,pacific
5463,pacific
5464,pacific
5465,indian
5466,pacific
5467,false
5468,false
5469,indian
5470,indian
5471,false
5472,pacific
5473,false
5474,false
5475,pacific
5476,indian
5477,pacific
5478,pacific
5479,pacific
5480,indian
5481,false
5482,indian
5483,indian
5484,pacific
5485,pacific
5486,indian
5487,indian
5488,indian
5489,false
5490,false
5491,false
5492,indian
5493,pacific
5494,atlantic
5495,false
5496,pacific
5497,indian
5498,indian
5499,indian
5500,indian
5501,indian
5502,indian
5503,indian
5504,indian
5505,indian
5506,false
5507,indian
5508,atlantic
5509,pacific
5510,atlantic
5511,false
5512,false
5513,false
5514,indian
5515,pacific
5516,pacific
5517,pacific
5518,indian
5519,indian
5520,atlantic
5521,indian
5522,indian
5523,indian
5524,atlantic
5525,pacific
5526,pacific
5527,pacific
5528,indian
5529,false
5530,pacific
5531,false
5532,pacific
5533,indian
5534,pacific
5535,indian
5536,indian
5537,pacific
5538,pacific
5539,indian
5540,indian
5541,indian
5542,false
5543,atlantic
5544,atlantic
5545,false
5546,false
5547,false
5548,pacific
5549,false
5550,false
5551,atlantic
5552,pacific
5553,indian
5554,atlantic
5555,indian
5556,atlantic
5557,false
5558,atlantic
5559,indian
5560,false
5561,false
5562,pacific
5563,indian
5564,pacific
5565,false
5566,pacific
5567,indian
5568,indian
5569,indian
5570,indian
5571,indian
5572,pacific
5573,false
5574,atlantic
5575,false
5576,atlantic
5577,pacific
5578,false
5579,false
5580,pacific
5581,false
5582,pacific
5583,pacific
5584,pacific
5585,indian
5586,indian
5587,indian
5588,atlantic
5589,pacific
5590,pacific
5591,indian
5592,indian
5593,false
5594,false
5595,pacific
5596,pacific
5597,atlantic
5598,indian
5599,false
5600,false
5601,false
5602,false
5603,false
5604,pacific
5605,false
5606,pacific
5607,false
5608,false
5609,indian
5610,indian
5611,indian
5612,pacific
5613,indian
5614,pacific
5615,false
5616,indian
5617,false
5618,pacific
5619,false
5620,atlantic
5621,indian
5622,false
5623,pacific
5624,pacific
5625,pacific
5626,pacific
5627,indian
5628,false
5629,pacific
5630,indian
5631,false
5632,indian
5633,indian
5634,false
5635,false
5636,false
5637,false
5638,pacific
5639,indian
5640,pacific
5641,indian
5642,indian
5643,indian
5644,indian
5645,pacific
5646,indian
5647,indian
5648,false
5649,false
5650,pacific
5651,pacific
5652,indian
5653,false
5654,indian
5655,indian
5656,false
5657,false
5658,atlantic
5659,pacific
5660,pacific
5661,pacific
5662,pacific
5663,pacific
5664,indian
5665,pacific
5666,false
5667,false
5668,false
5669,false
5670,pacific
5671,pacific
5672,false
5673,false
5674,false
5675,indian
5676,indian
5677,atlantic
5678,atlantic
5679,pacific
5680,pacific
5681,indian
5682,false
5683,indian
5684,false
5685,indian
5686,pacific
5687,pacific
5688,indian
5689,false
5690,indian
5691,indian
5692,indian
5693,pacific
5694,atlantic
5695,false
5696,pacific
5697,false
5698,false
5699,false
5700,pacific
5701,pacific
5702,atlantic
5703,indian
5704,indian
5705,atlantic
5706,false
5707,indian
5708,pacific
5709,false
5710,false
5711,indian
5712,indian
5713,pacific
5714,atlantic
5715,indian
5716,indian
5717,atlantic
5718,false
5719,pacific
5720,false
5721,pacific
5722,pacific
5723,indian
5724,indian
5725,indian
5726,indian
5727,atlantic
5728,false
5729,false
5730,pacific
5731,false
5732,pacific
5733,pacific
5734,false
5735,atlantic
5736,false
5737,pacific
5738,pacific
5739,pacific
5740,false
5741,false
5742,indian
5743,false
5744,pacific
5745,indian
5746,false
5747,atlantic
5748,false
5749,atlantic
5750,pacific
5751,pacific
5752,pacific
5753,indian
5754,false
5755,false
5756,indian
5757,false
5758,pacific
5759,false
5760,indian
5761,pacific
5762,pacific
5763,atlantic
5764,indian
5765,indian
5766,false
5767,indian
5768,indian
5769,indian
5770,false
5771,pacific
5772,false
5773,indian
5774,indian
5775,false
5776,pacific
5777,atlantic
5778,indian
5779,false
5780,indian
5781,pacific
5782,false
5783,false
5784,indian
5785,pacific
5786,pacific
5787,pacific
5788,indian
5789,atlantic
5790,false
5791,false
5792,atlantic
5793,pacific
5794,pacific
5795,false
5796,pacific
5797,indian
5798,indian
5799,pacific
5800,false
5801,atlantic
5802,false
5803,indian
5804,pacific
5805,indian
5806,indian
5807,pacific
5808,pacific
5809,false
5810,indian
5811,indian
5812,atlantic
5813,pacific
5814,indian
5815,false
5816,indian
5817,false
5818,false
5819,indian
5820,false
5821,indian
5822,pacific
5823,indian
5824,false
5825,pacific
5826,pacific
5827,atlantic
5828,false
5829,false
5830,pacific
5831,false
5832,false
5833,false
5834,atlantic
5835,pacific
5836,indian
5837,false
5838,indian
5839,pacific
5840,indian
5841,atlantic
5842,pacific
5843,false
5844,pacific
5845,false
5846,pacific
5847,indian
5848,pacific
5849,pacific
5850,indian
5851,pacific
5852,indian
5853,pacific
5854,atlantic
5855,atlantic
5856,false
5857,pacific
5858,pacific
5859,indian
5860,pacific
5861,pacific
5862,pacific
5863,indian
5864,indian
5865,pacific
5866,pacific
5867,pacific
5868,atlantic
5869,pacific
5870,indian
5871,false
5872,indian
5873,pacific
5874,indian
5875,false
5876,pacific
5877,false
5878,indian
5879,false
5880,atlantic
5881,indian
5882,pacific
5883,atlantic
5884,false
5885,false
5886,pacific
5887,false
5888,false
5889,indian
5890,indian
5891,false
5892,false
5893,pacific
5894,indian
5895,false
5896,false
5897,pacific
5898,false
5899,pacific
5900,false
5901,false
5902,atlantic
5903,false
5904,indian
5905,indian
5906,false
5907,indian
5908,false
5909,indian
5910,pacific
5911,atlantic
5912,false
5913,atlantic
5914,false
5915,false
5916,false
5917,pacific
5918,false
5919,atlantic
5920,pacific
5921,false
5922,false
5923,pacific
5924,indian
5925,pacific
5926,atlantic
5927,atlantic
5928,indian
5929,false
5930,false
5931,indian
5932,indian
5933,pacific
5934,false
5935,false
5936,pacific
5937,pacific
5938,false
5939,pacific
5940,indian
5941,false
5942,false
5943,indian
5944,false
5945,indian
5946,false
5947,pacific
5948,atlantic
5949,atlantic
5950,false
5951,indian
5952,pacific
5953,indian
5954,pacific
5955,pacific
5956,false
5957,false
5958,pacific
5959,pacific
5960,pacific
5961,false
5962,false
5963,false
5964,indian
5965,pacific
5966,pacific
5967,pacific
5968,atlantic
5969,false
5970,pacific
5971,false
5972,false
5973,false
5974,false
5975,false
5976,pacific
5977,indian
5978,false
5979,false
5980,indian
5981,indian
5982,pacific
5983,pacific
5984,false
5985,false
5986,pacific
5987,indian
5988,pacific
5989,indian
5990,indian
5991,atlantic
5992,false
5993,false
5994,pacific
5995,false
5996,indian
5997,indian
5998,pacific
5999,false
6000,false
6001,pacific
6002,pacific
6003,pacific
6004,atlantic
6005,atlantic
6006,atlantic
6007,false
6008,false
6009,false
6010,pacific
6011,false
6012,false
6013,atlantic
6014,false
6015,false
6016,pacific
6017,pacific
6018,false
6019,false
6020,false
6021,pacific
6022,false
6023,atlantic
6024,indian
6025,indian
6026,indian
6027,false
6028,false
6029,false
6030,pacific
6031,false
6032,false
6033,pacific
6034,false
6035,indian
6036,indian
6037,false
6038,pacific
6039,false
6040,indian
6041,false
6042,false
6043,false
6044,indian
6045,pacific
6046,pacific
6047,indian
6048,false
6049,false
6050,false
6051,pacific
6052,indian
6053,false
6054,atlantic
6055,false
6056,atlantic
6057,atlantic
6058,false
6059,atlantic
6060,indian
6061,indian
6062,false
6063,false
6064,false
6065,indian
6066,pacific
6067,indian
6068,false
6069,pacific
6070,false
6071,false
6072,false
6073,false
6074,false
6075,pacific
6076,pacific
6077,false
6078,false
6079,false
6080,indian
6081,pacific
6082,indian
6083,pacific
6084,indian
6085,atlantic
6086,pacific
6087,false
6088,false
6089,pacific
6090,pacific
6091,false
6092,pacific
6093,atlantic
6094,false
6095,atlantic
6096,pacific
6097,indian
6098,false
6099,pacific
6100,pacific
6101,false
6102,atlantic
6103,false
6104,pacific
6105,indian
6106,indian
6107,false
6108,false
6109,pacific
6110,atlantic
6111,pacific
6112,false
6113,atlantic
6114,indian
6115,pacific
6116,false
6117,pacific
6118,pacific
6119,false
6120,indian
6121,false
6122,indian
6123,pacific
6124,indian
6125,atlantic
6126,false
6127,pacific
6128,pacific
6129,false
6130,false
6131,pacific
6132,indian
6133,indian
6134,indian
6135,atlantic
6136,indian
6137,indian
6138,pacific
6139,false
6140,pacific
6141,pacific
6142,atlantic
6143,atlantic
6144,false
6145,pacific
6146,pacific
6147,false
6148,false
6149,false
6150,pacific
6151,false
6152,indian
6153,indian
6154,indian
6155,indian
6156,false
6157,pacific
6158,false
6159,pacific
6160,indian
6161,false
6162,pacific
6163,pacific
6164,indian
6165,atlantic
6166,indian
6167,pacific
6168,false
6169,pacific
6170,indian
6171,pacific
6172,atlantic
6173,false
6174,pacific
6175,indian
6176,indian
6177,atlantic
6178,false
6179,pacific
6180,indian
6181,false
6182,atlantic
6183,indian
6184,false
6185,indian
6186,false
6187,atlantic
6188,atlantic
6189,pacific
6190,false
6191,false
6192,false
6193,false
6194,atlantic
6195,indian
6196,false
6197,false
6198,atlantic
6199,indian
6200,pacific
6201,pacific
6202,pacific
6203,atlantic
6204,indian
6205,indian
6206,false
6207,false
6208,indian
6209,pacific
6210,false
6211,atlantic
6212,indian
6213,pacific
6214,false
6215,false
6216,pacific
6217,false
6218,pacific
6219,false
6220,pacific
6221,pacific
6222,indian
6223,pacific
6224,false
6225,indian
6226,indian
6227,indian
6228,indian
6229,false
6230,false
6231,false
6232,false
6233,pacific
6234,pacific
6235,indian
6236,indian
6237,false
6238,atlantic
6239,indian
6240,pacific
6241,pacific
6242,false
6243,pacific
6244,false
6245,pacific
6246,pacific
6247,pacific
6248,false
6249,pacific
6250,false
6251,atlantic
6252,indian
6253,indian
6254,indian
6255,false
6256,pacific
6257,indian
6258,false
6259,atlantic
6260,pacific
6261,pacific
6262,pacific
6263,pacific
6264,atlantic
6265,indian
6266,pacific
6267,pacific
6268,pacific
6269,pacific
6270,false
6271,false
6272,false
6273,pacific
6274,false
6275,pacific
6276,pacific
6277,pacific
6278,pacific
6279,pacific
6280,atlantic
6281,indian
6282,indian
6283,indian
6284,pacific
6285,pacific
6286,false
6287,pacific
6288,indian
6289,indian
6290,atlantic
6291,false
6292,pacific
6293,indian
6294,false
6295,false
6296,pacific
6297,pacific
6298,indian
6299,pacific
6300,pacific
6301,pacific
6302,false
6303,indian
6304,pacific
6305,indian
6306,false
6307,false
6308,false
6309,indian
6310,pacific
6311,pacific
6312,pacific
6313,indian
6314,pacific
6315,indian
6316,indian
6317,indian
6318,indian
6319,indian
6320,false
6321,false
6322,indian
6323,false
6324,pacific
6325,pacific
6326,indian
6327,indian
6328,pacific
6329,atlantic
6330,indian
6331,pacific
6332,pacific
6333,pacific
6334,false
6335,false
6336,false
6337,indian
6338,false
6339,atlantic
6340,false
6341,pacific
6342,atlantic
6343,indian
6344,false
6345,indian
6346,atlantic
6347,pacific
6348,false
6349,false
6350,false
6351,false
6352,false
6353,pacific
6354,indian
6355,pacific
6356,pacific
6357,false
6358,false
6359,indian
6360,pacific
6361,atlantic
6362,false
6363,atlantic
6364,false
6365,false
6366,false
6367,false
6368,false
6369,pacific
6370,atlantic
6371,indian
6372,indian
6373,indian
6374,pacific
6375,atlantic
6376,indian
6377,false
6378,false
6379,atlantic
6380,indian
6381,atlantic
6382,indian
6383,indian
6384,indian
6385,indian
6386,indian
6387,indian
6388,false
6389,false
6390,false
6391,false
6392,false
6393,indian
6394,pacific
6395,false
6396,pacific
6397,pacific
6398,false
6399,pacific
6400,pacific
6401,atlantic
6402,atlantic
6403,pacific
6404,false
6405,pacific
6406,indian
6407,false
6408,indian
6409,pacific
6410,pacific
6411,indian
6412,pacific
6413,false
6414,indian
6415,indian
6416,indian
6417,indian
6418,false
6419,false
6420,false
6421,false
6422,false
6423,indian
6424,false
6425,pacific
6426,false
6427,indian
6428,pacific
6429,indian
6430,indian
6431,atlantic
6432,pacific
6433,pacific
6434,pacific
6435,indian
6436,pacific
6437,indian
6438,false
6439,atlantic
6440,atlantic
6441,atlantic
6442,false
6443,false
6444,false
6445,atlantic
6446,indian
6447,indian
6448,false
6449,false
6450,pacific
6451,pacific
6452,pacific
6453,pacific
6454,false
6455,atlantic
6456,pacific
6457,false
6458,pacific
6459,indian
6460,false
6461,false
6462,pacific
6463,pacific
6464,indian
6465,atlantic
6466,indian
6467,indian
6468,indian
6469,indian
6470,indian
6471,atlantic
6472,false
6473,false
6474,atlantic
6475,pacific
6476,false
6477,atlantic
6478,indian
6479,indian
6480,indian
6481,false
6482,false
6483,indian
6484,indian
6485,atlantic
6486,indian
6487,indian
6488,false
6489,atlantic
6490,false
6491,pacific
6492,indian
6493,false
6494,pacific
6495,pacific
6496,atlantic
6497,indian
6498,indian
6499,false
6500,indian
6501,false
6502,pacific
6503,false
6504,false
6505,false
6506,false
6507,pacific
6508,indian
6509,indian
6510,false
6511,pacific
6512,indian
6513,indian
6514,indian
6515,pacific
6516,false
6517,false
6518,pacific
6519,atlantic
6520,atlantic
6521,pacific
6522,pacific
6523,indian
6524,pacific
6525,false
6526,indian
6527,pacific
6528,pacific
6529,pacific
6530,false
6531,false
6532,false
6533,pacific
6534,false
6535,pacific
6536,indian
6537,indian
6538,indian
6539,pacific
6540,pacific
6541,indian
6542,false
6543,pacific
6544,false
6545,pacific
6546,atlantic
6547,indian
6548,indian
6549,pacific
6550,pacific
6551,false
6552,false
6553,false
6554,pacific
6555,false
6556,pacific
6557,indian
6558,indian
6559,pacific
6560,indian
6561,false
6562,false
6563,false
6564,pacific
6565,pacific
6566,atlantic
6567,false
6568,pacific
6569,indian
6570,pacific
6571,pacific
6572,false
6573,indian
6574,indian
6575,false
6576,pacific
6577,atlantic
6578,false
6579,pacific
6580,false
6581,pacific
6582,indian
6583,pacific
6584,false
6585,indian
6586,indian
6587,indian
6588,false
6589,pacific
6590,indian
6591,false
6592,false
6593,false
6594,pacific
6595,false
6596,false
6597,indian
6598,false
6599,false
6600,pacific
6601,pacific
6602,pacific
6603,indian
6604,atlantic
6605,atlantic
6606,false
6607,false
6608,atlantic
6609,pacific
6610,atlantic
6611,false
6612,indian
6613,false
6614,indian
6615,pacific
6616,pacific
6617,atlantic
6618,pacific
6619,false
6620,pacific
6621,false
6622,false
6623,pacific
6624,indian
6625,pacific
6626,indian
6627,indian
6628,atlantic
6629,atlantic
6630,pacific
6631,false
6632,indian
6633,false
6634,false
6635,atlantic
6636,indian
6637,false
6638,pacific
6639,false
6640,pacific
6641,pacific
6642,pacific
6643,pacific
6644,false
6645,false
6646,pacific
6647,indian
6648,pacific
6649,false
6650,pacific
6651,false
6652,indian
6653,false
6654,pacific
6655,false
6656,false
6657,indian
6658,atlantic
6659,pacific
6660,pacific
6661,false
6662,indian
6663,atlantic
6664,pacific
6665,false
6666,indian
6667,indian
6668,false
6669,pacific
6670,atlantic
6671,pacific
6672,false
6673,false
6674,indian
6675,indian
6676,pacific
6677,pacific
6678,indian
6679,false
6680,pacific
6681,pacific
6682,pacific
6683,pacific
6684,false
6685,pacific
6686,pacific
6687,false
6688,pacific
6689,pacific
6690,indian
6691,atlantic
6692,indian
6693,false
6694,false
6695,pacific
6696,indian
6697,atlantic
6698,false
6699,false
6700,false
6701,indian
6702,atlantic
6703,indian
6704,indian
6705,false
6706,atlantic
6707,pacific
6708,false
6709,pacific
6710,indian
6711,atlantic
6712,false
6713,false
6714,pacific
6715,false
6716,false
6717,false
6718,false
6719,false
6720,indian
6721,false
6722,indian
6723,false
6724,false
6725,pacific
6726,false
6727,false
6728,false
6729,indian
6730,indian
6731,false
6732,false
6733,false
6734,pacific
6735,false
6736,indian
6737,atlantic
6738,false
6739,pacific
6740,pacific
6741,atlantic
6742,indian
6743,false
6744,false
6745,atlantic
6746,pacific
6747,indian
6748,atlantic
6749,false
6750,pacific
6751,pacific
6752,false
6753,false
6754,false
6755,pacific
6756,atlantic
6757,false
6758,false
6759,pacific
6760,indian
6761,false
6762,pacific
6763,atlantic
6764,false
6765,false
6766,false
6767,false
6768,false
6769,false
6770,false
6771,indian
6772,indian
6773,false
6774,false
6775,false
6776,indian
6777,pacific
6778,atlantic
6779,atlantic
6780,indian
6781,pacific
6782,pacific
6783,false
6784,pacific
6785,pacific
6786,false
6787,pacific
6788,pacific
6789,false
6790,atlantic
6791,false
6792,pacific
6793,false
6794,false
6795,false
6796,false
6797,false
6798,atlantic
6799,atlantic
6800,false
6801,indian
6802,false
6803,false
6804,false
6805,atlantic
6806,pacific
6807,false
6808,atlantic
6809,false
6810,pacific
6811,false
6812,pacific
6813,false
6814,false
6815,false
6816,atlantic
6817,atlantic
6818,false
6819,false
6820,false
6821,pacific
6822,pacific
6823,indian
6824,false
6825,false
6826,pacific
6827,pacific
6828,false
6829,false
6830,pacific
6831,indian
6832,false
6833,atlantic
6834,pacific
6835,false
6836,indian
6837,false
6838,false
6839,false
6840,false
6841,atlantic
6842,false
6843,indian
6844,indian
6845,false
6846,pacific
6847,pacific
6848,pacific
6849,pacific
6850,false
6851,false
6852,indian
6853,pacific
6854,pacific
6855,false
6856,false
6857,false
6858,false
6859,indian
6860,indian
6861,false
6862,atlantic
6863,false
6864,indian
6865,pacific
6866,pacific
6867,pacific
6868,pacific
6869,false
6870,false
6871,atlantic
6872,indian
6873,pacific
6874,pacific
6875,false
6876,false
6877,false
6878,false
6879,pacific
6880,indian
6881,pacific
6882,pacific
6883,false
6884,indian
6885,indian
6886,false
6887,false
6888,atlantic
6889,false
6890,false
6891,false
6892,indian
6893,false
6894,atlantic
6895,false
6896,false
6897,false
6898,atlantic
6899,false
6900,false
6901,pacific
6902,pacific
6903,indian
6904,false
6905,atlantic
6906,pacific
6907,indian
6908,false
6909,pacific
6910,false
6911,indian
6912,false
6913,pacific
6914,false
6915,false
6916,pacific
6917,atlantic
6918,atlantic
6919,pacific
6920,false
6921,false
6922,false
6923,pacific
6924,false
6925,indian
6926,false
6927,false
6928,indian
6929,indian
6930,indian
6931,pacific
6932,indian
6933,indian
6934,pacific
6935,indian
6936,pacific
6937,indian
6938,false
6939,false
6940,false
6941,false
6942,false
6943,indian
6944,false
6945,indian
6946,pacific
6947,pacific
6948,false
6949,indian
6950,atlantic
6951,atlantic
6952,atlantic
6953,false
6954,false
6955,false
6956,false
6957,atlantic
6958,pacific
6959,false
6960,indian
6961,indian
6962,false
6963,false
6964,pacific
6965,pacific
6966,atlantic
6967,pacific
6968,false
6969,pacific
6970,false
6971,false
6972,atlantic
6973,indian
6974,atlantic
6975,pacific
6976,indian
6977,false
6978,false
6979,pacific
6980,pacific
6981,pacific
6982,false
6983,false
6984,indian
6985,false
6986,pacific
6987,false
6988,false
6989,false
6990,false
6991,atlantic
6992,false
6993,false
6994,indian
6995,false
6996,pacific
6997,false
6998,indian
